[
  {
    "code": "af",
    "name": "Afghanistan",
    "continent": "Asia"
  },
  {
    "code": "al",
    "name": "Albanië",
    "continent": "Europe"
  },
  {
    "code": "dz",
    "name": "Algerije",
    "continent": "Africa"
  },
  {
    "code": "as",
    "name": "Amerikaans Samoa",
    "continent": "Oceania"
  },
  {
    "code": "ad",
    "name": "Andorra",
    "continent": "Europe"
  },
  {
    "code": "ao",
    "name": "Angola",
    "continent": "Africa"
  },
  {
    "code": "ai",
    "name": "Anguilla",
    "continent": "North America"
  },
  {
    "code": "aq",
    "name": "Antarctica",
    "continent": "Antarctica"
  },
  {
    "code": "ag",
    "name": "Antigua en Barbuda",
    "continent": "North America"
  },
  {
    "code": "ar",
    "name": "Argentinië",
    "continent": "South America"
  },
  {
    "code": "am",
    "name": "Armenië",
    "continent": "Asia"
  },
  {
    "code": "aw",
    "name": "Aruba",
    "continent": "North America"
  },
  {
    "code": "au",
    "name": "Australië",
    "continent": "Oceania"
  },
  {
    "code": "at",
    "name": "Oostenrijk",
    "continent": "Europe"
  },
  {
    "code": "az",
    "name": "Azerbeidzjan",
    "continent": "Europe"
  },
  {
    "code": "bs",
    "name": "Bahama’s",
    "continent": "North America"
  },
  {
    "code": "bh",
    "name": "Bahrein",
    "continent": "Asia"
  },
  {
    "code": "bd",
    "name": "Bangladesh",
    "continent": "Asia"
  },
  {
    "code": "bb",
    "name": "Barbados",
    "continent": "North America"
  },
  {
    "code": "by",
    "name": "Wit-Rusland",
    "continent": "Europe"
  },
  {
    "code": "be",
    "name": "België",
    "continent": "Europe"
  },
  {
    "code": "bz",
    "name": "Belize",
    "continent": "North America"
  },
  {
    "code": "bj",
    "name": "Benin",
    "continent": "Africa"
  },
  {
    "code": "bm",
    "name": "Bermuda",
    "continent": "North America"
  },
  {
    "code": "bt",
    "name": "Bhutan",
    "continent": "Asia"
  },
  {
    "code": "bo",
    "name": "Bolivia",
    "continent": "South America"
  },
  {
    "code": "bq",
    "name": "Caribisch Nederland",
    "continent": "North America"
  },
  {
    "code": "ba",
    "name": "Bosnië en Herzegovina",
    "continent": "Europe"
  },
  {
    "code": "bw",
    "name": "Botswana",
    "continent": "Africa"
  },
  {
    "code": "bv",
    "name": "Bouveteiland",
    "continent": "Antarctica"
  },
  {
    "code": "br",
    "name": "Brazilië",
    "continent": "South America"
  },
  {
    "code": "io",
    "name": "Britse Gebieden in de Indische Oceaan",
    "continent": "Asia"
  },
  {
    "code": "bn",
    "name": "Brunei",
    "continent": "Asia"
  },
  {
    "code": "bg",
    "name": "Bulgarije",
    "continent": "Europe"
  },
  {
    "code": "bf",
    "name": "Burkina Faso",
    "continent": "Africa"
  },
  {
    "code": "bi",
    "name": "Burundi",
    "continent": "Africa"
  },
  {
    "code": "kh",
    "name": "Cambodja",
    "continent": "Asia"
  },
  {
    "code": "cm",
    "name": "Kameroen",
    "continent": "Africa"
  },
  {
    "code": "ca",
    "name": "Canada",
    "continent": "North America"
  },
  {
    "code": "cv",
    "name": "Kaapverdië",
    "continent": "Africa"
  },
  {
    "code": "ky",
    "name": "Caymaneilanden",
    "continent": "North America"
  },
  {
    "code": "cf",
    "name": "Centraal-Afrikaanse Republiek",
    "continent": "Africa"
  },
  {
    "code": "td",
    "name": "Tsjaad",
    "continent": "Africa"
  },
  {
    "code": "cl",
    "name": "Chili",
    "continent": "South America"
  },
  {
    "code": "cn",
    "name": "China",
    "continent": "Asia"
  },
  {
    "code": "cx",
    "name": "Christmaseiland",
    "continent": "Asia"
  },
  {
    "code": "cc",
    "name": "Cocoseilanden",
    "continent": "Asia"
  },
  {
    "code": "co",
    "name": "Colombia",
    "continent": "South America"
  },
  {
    "code": "km",
    "name": "Comoren",
    "continent": "Africa"
  },
  {
    "code": "cg",
    "name": "Congo",
    "continent": "Africa"
  },
  {
    "code": "cd",
    "name": "Congo (DRC)",
    "continent": "Africa"
  },
  {
    "code": "ck",
    "name": "Cookeilanden",
    "continent": "Oceania"
  },
  {
    "code": "cr",
    "name": "Costa Rica",
    "continent": "North America"
  },
  {
    "code": "hr",
    "name": "Kroatië",
    "continent": "Europe"
  },
  {
    "code": "cu",
    "name": "Cuba",
    "continent": "North America"
  },
  {
    "code": "cw",
    "name": "Curaçao",
    "continent": "North America"
  },
  {
    "code": "cy",
    "name": "Cyprus",
    "continent": "Europe"
  },
  {
    "code": "cz",
    "name": "Tsjechië",
    "continent": "Europe"
  },
  {
    "code": "ci",
    "name": "Ivoorkust",
    "continent": "Africa"
  },
  {
    "code": "dk",
    "name": "Denemarken",
    "continent": "Europe"
  },
  {
    "code": "dj",
    "name": "Djibouti",
    "continent": "Africa"
  },
  {
    "code": "dm",
    "name": "Dominica",
    "continent": "North America"
  },
  {
    "code": "do",
    "name": "Dominicaanse Republiek",
    "continent": "North America"
  },
  {
    "code": "ec",
    "name": "Ecuador",
    "continent": "South America"
  },
  {
    "code": "eg",
    "name": "Egypte",
    "continent": "Africa"
  },
  {
    "code": "sv",
    "name": "El Salvador",
    "continent": "North America"
  },
  {
    "code": "gq",
    "name": "Equatoriaal-Guinea",
    "continent": "Africa"
  },
  {
    "code": "er",
    "name": "Eritrea",
    "continent": "Africa"
  },
  {
    "code": "ee",
    "name": "Estland",
    "continent": "Europe"
  },
  {
    "code": "sz",
    "name": "Swaziland",
    "continent": "Africa"
  },
  {
    "code": "et",
    "name": "Ethiopië",
    "continent": "Africa"
  },
  {
    "code": "fk",
    "name": "Falklandeilanden",
    "continent": "South America"
  },
  {
    "code": "fo",
    "name": "Faeröer",
    "continent": "Europe"
  },
  {
    "code": "fj",
    "name": "Fiji",
    "continent": "Oceania"
  },
  {
    "code": "fi",
    "name": "Finland",
    "continent": "Europe"
  },
  {
    "code": "fr",
    "name": "Frankrijk",
    "continent": "Europe"
  },
  {
    "code": "gf",
    "name": "Frans-Guyana",
    "continent": "South America"
  },
  {
    "code": "pf",
    "name": "Frans-Polynesië",
    "continent": "Oceania"
  },
  {
    "code": "tf",
    "name": "Franse Gebieden in de zuidelijke Indische Oceaan",
    "continent": "Antarctica"
  },
  {
    "code": "ga",
    "name": "Gabon",
    "continent": "Africa"
  },
  {
    "code": "gm",
    "name": "Gambia",
    "continent": "Africa"
  },
  {
    "code": "ge",
    "name": "Georgië",
    "continent": "Asia"
  },
  {
    "code": "de",
    "name": "Duitsland",
    "continent": "Europe"
  },
  {
    "code": "gh",
    "name": "Ghana",
    "continent": "Africa"
  },
  {
    "code": "gi",
    "name": "Gibraltar",
    "continent": "Europe"
  },
  {
    "code": "gr",
    "name": "Griekenland",
    "continent": "Europe"
  },
  {
    "code": "gl",
    "name": "Groenland",
    "continent": "North America"
  },
  {
    "code": "gd",
    "name": "Grenada",
    "continent": "North America"
  },
  {
    "code": "gp",
    "name": "Guadeloupe",
    "continent": "North America"
  },
  {
    "code": "gu",
    "name": "Guam",
    "continent": "Oceania"
  },
  {
    "code": "gt",
    "name": "Guatemala",
    "continent": "North America"
  },
  {
    "code": "gg",
    "name": "Guernsey",
    "continent": "Europe"
  },
  {
    "code": "gn",
    "name": "Guinee",
    "continent": "Africa"
  },
  {
    "code": "gw",
    "name": "Guinee-Bissau",
    "continent": "Africa"
  },
  {
    "code": "gy",
    "name": "Guyana",
    "continent": "South America"
  },
  {
    "code": "ht",
    "name": "Haïti",
    "continent": "North America"
  },
  {
    "code": "hm",
    "name": "Heard-en McDonaldeilanden",
    "continent": "Antarctica"
  },
  {
    "code": "va",
    "name": "Vaticaanstad",
    "continent": "Europe"
  },
  {
    "code": "hn",
    "name": "Honduras",
    "continent": "North America"
  },
  {
    "code": "hk",
    "name": "Hongkong",
    "continent": "Asia"
  },
  {
    "code": "hu",
    "name": "Hongarije",
    "continent": "Europe"
  },
  {
    "code": "is",
    "name": "IJsland",
    "continent": "Europe"
  },
  {
    "code": "in",
    "name": "India",
    "continent": "Asia"
  },
  {
    "code": "id",
    "name": "Indonesië",
    "continent": "Asia"
  },
  {
    "code": "ir",
    "name": "Iran",
    "continent": "Asia"
  },
  {
    "code": "iq",
    "name": "Irak",
    "continent": "Asia"
  },
  {
    "code": "ie",
    "name": "Ierland",
    "continent": "Europe"
  },
  {
    "code": "im",
    "name": "Isle of Man",
    "continent": "Europe"
  },
  {
    "code": "il",
    "name": "Israël",
    "continent": "Asia"
  },
  {
    "code": "it",
    "name": "Italië",
    "continent": "Europe"
  },
  {
    "code": "jm",
    "name": "Jamaica",
    "continent": "North America"
  },
  {
    "code": "jp",
    "name": "Japan",
    "continent": "Asia"
  },
  {
    "code": "je",
    "name": "Jersey",
    "continent": "Europe"
  },
  {
    "code": "jo",
    "name": "Jordanië",
    "continent": "Asia"
  },
  {
    "code": "kz",
    "name": "Kazachstan",
    "continent": "Asia"
  },
  {
    "code": "ke",
    "name": "Kenia",
    "continent": "Africa"
  },
  {
    "code": "ki",
    "name": "Kiribati",
    "continent": "Oceania"
  },
  {
    "code": "kp",
    "name": "Noord-Korea",
    "continent": "Asia"
  },
  {
    "code": "kr",
    "name": "Zuid-Korea",
    "continent": "Asia"
  },
  {
    "code": "kw",
    "name": "Koeweit",
    "continent": "Asia"
  },
  {
    "code": "kg",
    "name": "Kirgizië",
    "continent": "Asia"
  },
  {
    "code": "la",
    "name": "Laos",
    "continent": "Asia"
  },
  {
    "code": "lv",
    "name": "Letland",
    "continent": "Europe"
  },
  {
    "code": "lb",
    "name": "Libanon",
    "continent": "Asia"
  },
  {
    "code": "ls",
    "name": "Lesotho",
    "continent": "Africa"
  },
  {
    "code": "lr",
    "name": "Liberia",
    "continent": "Africa"
  },
  {
    "code": "ly",
    "name": "Libië",
    "continent": "Africa"
  },
  {
    "code": "li",
    "name": "Liechtenstein",
    "continent": "Europe"
  },
  {
    "code": "lt",
    "name": "Litouwen",
    "continent": "Europe"
  },
  {
    "code": "lu",
    "name": "Luxemburg",
    "continent": "Europe"
  },
  {
    "code": "mo",
    "name": "Macao",
    "continent": "Asia"
  },
  {
    "code": "mk",
    "name": "Noord-Macedonië",
    "continent": "Europe"
  },
  {
    "code": "mg",
    "name": "Madagaskar",
    "continent": "Africa"
  },
  {
    "code": "mw",
    "name": "Malawi",
    "continent": "Africa"
  },
  {
    "code": "my",
    "name": "Maleisië",
    "continent": "Asia"
  },
  {
    "code": "mv",
    "name": "Maldiven",
    "continent": "Asia"
  },
  {
    "code": "ml",
    "name": "Mali",
    "continent": "Africa"
  },
  {
    "code": "mt",
    "name": "Malta",
    "continent": "Europe"
  },
  {
    "code": "mh",
    "name": "Marshalleilanden",
    "continent": "Oceania"
  },
  {
    "code": "mq",
    "name": "Martinique",
    "continent": "North America"
  },
  {
    "code": "mr",
    "name": "Mauritanië",
    "continent": "Africa"
  },
  {
    "code": "mu",
    "name": "Mauritius",
    "continent": "Africa"
  },
  {
    "code": "yt",
    "name": "Mayotte",
    "continent": "Africa"
  },
  {
    "code": "mx",
    "name": "Mexico",
    "continent": "North America"
  },
  {
    "code": "fm",
    "name": "Micronesië",
    "continent": "Oceania"
  },
  {
    "code": "md",
    "name": "Moldavië",
    "continent": "Europe"
  },
  {
    "code": "mc",
    "name": "Monaco",
    "continent": "Europe"
  },
  {
    "code": "mn",
    "name": "Mongolië",
    "continent": "Asia"
  },
  {
    "code": "me",
    "name": "Montenegro",
    "continent": "Europe"
  },
  {
    "code": "ms",
    "name": "Montserrat",
    "continent": "North America"
  },
  {
    "code": "ma",
    "name": "Marokko",
    "continent": "Africa"
  },
  {
    "code": "mz",
    "name": "Mozambique",
    "continent": "Africa"
  },
  {
    "code": "mm",
    "name": "Myanmar",
    "continent": "Asia"
  },
  {
    "code": "na",
    "name": "Namibië",
    "continent": "Africa"
  },
  {
    "code": "nr",
    "name": "Nauru",
    "continent": "Oceania"
  },
  {
    "code": "np",
    "name": "Nepal",
    "continent": "Asia"
  },
  {
    "code": "nl",
    "name": "Nederland",
    "continent": "Europe"
  },
  {
    "code": "nc",
    "name": "Nieuw-Caledonië",
    "continent": "Oceania"
  },
  {
    "code": "nz",
    "name": "Nieuw-Zeeland",
    "continent": "Oceania"
  },
  {
    "code": "ni",
    "name": "Nicaragua",
    "continent": "North America"
  },
  {
    "code": "ne",
    "name": "Niger",
    "continent": "Africa"
  },
  {
    "code": "ng",
    "name": "Nigeria",
    "continent": "Africa"
  },
  {
    "code": "nu",
    "name": "Niue",
    "continent": "Oceania"
  },
  {
    "code": "nf",
    "name": "Norfolkeiland",
    "continent": "Oceania"
  },
  {
    "code": "mp",
    "name": "Noordelijke Marianeneilanden",
    "continent": "Oceania"
  },
  {
    "code": "no",
    "name": "Noorwegen",
    "continent": "Europe"
  },
  {
    "code": "om",
    "name": "Oman",
    "continent": "Asia"
  },
  {
    "code": "pk",
    "name": "Pakistan",
    "continent": "Asia"
  },
  {
    "code": "pw",
    "name": "Palau",
    "continent": "Oceania"
  },
  {
    "code": "ps",
    "name": "Palestijnse gebieden",
    "continent": "Asia"
  },
  {
    "code": "pa",
    "name": "Panama",
    "continent": "North America"
  },
  {
    "code": "pg",
    "name": "Papoea-Nieuw-Guinea",
    "continent": "Oceania"
  },
  {
    "code": "py",
    "name": "Paraguay",
    "continent": "South America"
  },
  {
    "code": "pe",
    "name": "Peru",
    "continent": "South America"
  },
  {
    "code": "ph",
    "name": "Filipijnen",
    "continent": "Asia"
  },
  {
    "code": "pn",
    "name": "Pitcairneilanden",
    "continent": "Oceania"
  },
  {
    "code": "pl",
    "name": "Polen",
    "continent": "Europe"
  },
  {
    "code": "pt",
    "name": "Portugal",
    "continent": "Europe"
  },
  {
    "code": "pr",
    "name": "Puerto Rico",
    "continent": "North America"
  },
  {
    "code": "qa",
    "name": "Qatar",
    "continent": "Asia"
  },
  {
    "code": "ro",
    "name": "Roemenië",
    "continent": "Europe"
  },
  {
    "code": "ru",
    "name": "Rusland",
    "continent": "Europe"
  },
  {
    "code": "rw",
    "name": "Rwanda",
    "continent": "Africa"
  },
  {
    "code": "re",
    "name": "Réunion",
    "continent": "Africa"
  },
  {
    "code": "bl",
    "name": "Saint Barthélemy",
    "continent": "North America"
  },
  {
    "code": "sh",
    "name": "Sint-Helena, Ascension en Tristan da Cunha",
    "continent": "Africa"
  },
  {
    "code": "kn",
    "name": "Saint Kitts en Nevis",
    "continent": "North America"
  },
  {
    "code": "lc",
    "name": "Saint Lucia",
    "continent": "North America"
  },
  {
    "code": "pm",
    "name": "Saint Pierre en Miquelon",
    "continent": "North America"
  },
  {
    "code": "vc",
    "name": "Saint Vincent en de Grenadines",
    "continent": "North America"
  },
  {
    "code": "ws",
    "name": "Samoa",
    "continent": "Oceania"
  },
  {
    "code": "sm",
    "name": "San Marino",
    "continent": "Europe"
  },
  {
    "code": "st",
    "name": "Sao Tomé en Principe",
    "continent": "Africa"
  },
  {
    "code": "sa",
    "name": "Saoedi-Arabië",
    "continent": "Asia"
  },
  {
    "code": "sn",
    "name": "Senegal",
    "continent": "Africa"
  },
  {
    "code": "rs",
    "name": "Servië",
    "continent": "Europe"
  },
  {
    "code": "sc",
    "name": "Seychellen",
    "continent": "Africa"
  },
  {
    "code": "sl",
    "name": "Sierra Leone",
    "continent": "Africa"
  },
  {
    "code": "sg",
    "name": "Singapore",
    "continent": "Asia"
  },
  {
    "code": "sx",
    "name": "Sint Maarten",
    "continent": "North America"
  },
  {
    "code": "sk",
    "name": "Slowakije",
    "continent": "Europe"
  },
  {
    "code": "si",
    "name": "Slovenië",
    "continent": "Europe"
  },
  {
    "code": "sb",
    "name": "Salomonseilanden",
    "continent": "Oceania"
  },
  {
    "code": "so",
    "name": "Somalië",
    "continent": "Africa"
  },
  {
    "code": "za",
    "name": "Zuid-Afrika",
    "continent": "Africa"
  },
  {
    "code": "gs",
    "name": "Zuid-Georgia en Zuidelijke Sandwicheilanden",
    "continent": "Antarctica"
  },
  {
    "code": "ss",
    "name": "Zuid-Soedan",
    "continent": "Africa"
  },
  {
    "code": "es",
    "name": "Spanje",
    "continent": "Europe"
  },
  {
    "code": "lk",
    "name": "Sri Lanka",
    "continent": "Asia"
  },
  {
    "code": "sd",
    "name": "Soedan",
    "continent": "Africa"
  },
  {
    "code": "sr",
    "name": "Suriname",
    "continent": "South America"
  },
  {
    "code": "se",
    "name": "Zweden",
    "continent": "Europe"
  },
  {
    "code": "ch",
    "name": "Zwitserland",
    "continent": "Europe"
  },
  {
    "code": "sy",
    "name": "Syrië",
    "continent": "Asia"
  },
  {
    "code": "tw",
    "name": "Taiwan",
    "continent": "Asia"
  },
  {
    "code": "tj",
    "name": "Tadzjikistan",
    "continent": "Asia"
  },
  {
    "code": "tz",
    "name": "Tanzania",
    "continent": "Africa"
  },
  {
    "code": "th",
    "name": "Thailand",
    "continent": "Asia"
  },
  {
    "code": "tl",
    "name": "Oost-Timor",
    "continent": "Oceania"
  },
  {
    "code": "tg",
    "name": "Togo",
    "continent": "Africa"
  },
  {
    "code": "tk",
    "name": "Tokelau",
    "continent": "Oceania"
  },
  {
    "code": "to",
    "name": "Tonga",
    "continent": "Oceania"
  },
  {
    "code": "tt",
    "name": "Trinidad en Tobago",
    "continent": "North America"
  },
  {
    "code": "tn",
    "name": "Tunesië",
    "continent": "Africa"
  },
  {
    "code": "tr",
    "name": "Turkije",
    "continent": "Europe"
  },
  {
    "code": "tm",
    "name": "Turkmenistan",
    "continent": "Asia"
  },
  {
    "code": "tc",
    "name": "Turks-en Caicoseilanden",
    "continent": "North America"
  },
  {
    "code": "tv",
    "name": "Tuvalu",
    "continent": "Oceania"
  },
  {
    "code": "ug",
    "name": "Oeganda",
    "continent": "Africa"
  },
  {
    "code": "ua",
    "name": "Oekraïne",
    "continent": "Europe"
  },
  {
    "code": "ae",
    "name": "Verenigde Arabische Emiraten",
    "continent": "Asia"
  },
  {
    "code": "gb",
    "name": "Verenigd Koninkrijk",
    "continent": "Europe"
  },
  {
    "code": "us",
    "name": "Verenigde Staten",
    "continent": "North America"
  },
  {
    "code": "um",
    "name": "Kleine afgelegen eilanden van de Verenigde Staten",
    "continent": "Oceania"
  },
  {
    "code": "uy",
    "name": "Uruguay",
    "continent": "South America"
  },
  {
    "code": "uz",
    "name": "Oezbekistan",
    "continent": "Asia"
  },
  {
    "code": "vu",
    "name": "Vanuatu",
    "continent": "Oceania"
  },
  {
    "code": "ve",
    "name": "Venezuela",
    "continent": "South America"
  },
  {
    "code": "vn",
    "name": "Vietnam",
    "continent": "Asia"
  },
  {
    "code": "vg",
    "name": "Britse Maagdeneilanden",
    "continent": "North America"
  },
  {
    "code": "vi",
    "name": "Amerikaanse Maagdeneilanden",
    "continent": "North America"
  },
  {
    "code": "wf",
    "name": "Wallis en Futuna",
    "continent": "Oceania"
  },
  {
    "code": "eh",
    "name": "Westelijke Sahara",
    "continent": "Africa"
  },
  {
    "code": "ye",
    "name": "Jemen",
    "continent": "Asia"
  },
  {
    "code": "zm",
    "name": "Zambia",
    "continent": "Africa"
  },
  {
    "code": "zw",
    "name": "Zimbabwe",
    "continent": "Africa"
  },
  {
    "code": "ax",
    "name": "Ålandeilanden",
    "continent": "Europe"
  },
  {
    "code": "gb-eng",
    "name": "Engeland",
    "continent": "Europe"
  },
  {
    "code": "gb-nir",
    "name": "Noord-Ierland",
    "continent": "Europe"
  },
  {
    "code": "gb-sct",
    "name": "Schotland",
    "continent": "Europe"
  },
  {
    "code": "gb-wls",
    "name": "Wales",
    "continent": "Europe"
  }
]